Iteration,Group,User,Presence time (Seconds)
"[1, 1, 1, 1, 1, 1, 1, 1, 1, 1, 1, 1, 1, 1, 1, 1, 1, 1, 1, 1, 1, 1, 1, 1, 1, 1, 1, 1, 1, 1, 1]","['test', 'test', 'test', 'test', 'test', 'test', 'test', 'test', 'test', 'test', 'test', 'test', 'test', 'test', 'test', 'test', 'test', 'test', 'test', 'test', 'test', 'test', 'test', 'test', 'test', 'test', 'test', 'test', 'test', 'test', 'test']","['user9.py', 'user8.py', 'user24.py', 'user41.py', 'user10.py', 'user7.py', 'user45.py', 'user30.py', 'user3.py', 'user44.py', 'user31.py', 'user2.py', 'user25.py', 'user6.py', 'user50.py', 'user47.py', 'user22.py', 'user1.py', 'user26.py', 'user43.py', 'user5.py', 'user27.py', 'user42.py', 'user4.py', 'user46.py', 'user23.py', 'user33.py', 'user28.py', 'user49.py', 'user48.py', 'user29.py']","[0.5743858814239502, 0.5167429447174072, 0.5598931312561035, 0.5077362060546875, 0.453657865524292, 0.5373449325561523, 0.4533700942993164, 0.5194652080535889, 0.4559011459350586, 0.5275371074676514, 0.45754194259643555, 0.550961971282959, 0.5196900367736816, 0.5140821933746338, 0.5232470035552979, 0.4529271125793457, 0.4529378414154053, 0.7146902084350586, 0.6818161010742188, 0.7187790870666504, 0.6642961502075195, 0.7392687797546387, 0.7176609039306641, 0.6940078735351562, 0.748504638671875, 0.6862061023712158, 0.6718268394470215, 0.6757240295410156, 0.6726360321044922, 0.6719050407409668, 0.7254528999328613]"
